Africa,Abidjan,,Africa/AbidjanAfrica,Accra,,Africa/AccraAfrica,Addis Ababa,,Africa/Addis_AbabaAfrica,Algiers,,Africa/AlgiersAfrica,Asmara,,Africa/AsmaraAfrica,Asmera,,Africa/AsmeraAfrica,Bamako,,Africa/BamakoAfrica,Bangui,,Africa/BanguiAfrica,Banjul,,Africa/BanjulAfrica,Bissau,,Africa/BissauAfrica,Blantyre,,Africa/BlantyreAfrica,Brazzaville,,Africa/BrazzavilleAfrica,Bujumbura,,Africa/BujumburaAfrica,Cairo,,Africa/CairoAfrica,Casablanca,,Africa/CasablancaAfrica,Ceuta,Ceuta & Melilla,Africa/CeutaAfrica,Conakry,,Africa/ConakryAfrica,Dakar,,Africa/DakarAfrica,Dar es Salaam,,Africa/Dar_es_SalaamAfrica,Djibouti,,Africa/DjiboutiAfrica,Douala,,Africa/DoualaAfrica,El Aaiun,,Africa/El_AaiunAfrica,Freetown,,Africa/FreetownAfrica,Gaborone,,Africa/GaboroneAfrica,Harare,,Africa/HarareAfrica,Johannesburg,,Africa/JohannesburgAfrica,Juba,,Africa/JubaAfrica,Kampala,,Africa/KampalaAfrica,Khartoum,,Africa/KhartoumAfrica,Kigali,,Africa/KigaliAfrica,Kinshasa,west Dem. Rep. of Congo,Africa/KinshasaAfrica,Lagos,,Africa/LagosAfrica,Libreville,,Africa/LibrevilleAfrica,Lome,,Africa/LomeAfrica,Luanda,,Africa/LuandaAfrica,Lubumbashi,east Dem. Rep. of Congo,Africa/LubumbashiAfrica,Lusaka,,Africa/LusakaAfrica,Malabo,,Africa/MalaboAfrica,Maputo,,Africa/MaputoAfrica,Maseru,,Africa/MaseruAfrica,Mbabane,,Africa/MbabaneAfrica,Mogadishu,,Africa/MogadishuAfrica,Monrovia,,Africa/MonroviaAfrica,Nairobi,,Africa/NairobiAfrica,Ndjamena,,Africa/NdjamenaAfrica,Niamey,,Africa/NiameyAfrica,Nouakchott,,Africa/NouakchottAfrica,Ouagadougou,,Africa/OuagadougouAfrica,Porto-Novo,,Africa/Porto-NovoAfrica,Sao Tome,,Africa/Sao_TomeAfrica,Timbuktu,,Africa/TimbuktuAfrica,Tripoli,,Africa/TripoliAfrica,Tunis,,Africa/TunisAfrica,Windhoek,,Africa/WindhoekAmerica,Adak,Aleutian Islands,America/AdakAmerica,Anchorage,Alaska Time,America/AnchorageAmerica,Anguilla,,America/AnguillaAmerica,Antigua,,America/AntiguaAmerica,Araguaina,Tocantins,America/AraguainaAmerica,Argentina - Buenos Aires,"Buenos Aires (BA, CF)",America/Argentina/Buenos_AiresAmerica,Argentina - Catamarca,"Catamarca (CT), Chubut (CH)",America/Argentina/CatamarcaAmerica,Argentina - ComodRivadavia,,America/Argentina/ComodRivadaviaAmerica,Argentina - Cordoba,"most locations (CB, CC, CN, ER, FM, MN, SE, SF)",America/Argentina/CordobaAmerica,Argentina - Jujuy,Jujuy (JY),America/Argentina/JujuyAmerica,Argentina - La Rioja,La Rioja (LR),America/Argentina/La_RiojaAmerica,Argentina - Mendoza,Mendoza (MZ),America/Argentina/MendozaAmerica,Argentina - Rio Gallegos,Santa Cruz (SC),America/Argentina/Rio_GallegosAmerica,Argentina - Salta,"(SA, LP, NQ, RN)",America/Argentina/SaltaAmerica,Argentina - San Juan,San Juan (SJ),America/Argentina/San_JuanAmerica,Argentina - San Luis,San Luis (SL),America/Argentina/San_LuisAmerica,Argentina - Tucuman,Tucuman (TM),America/Argentina/TucumanAmerica,Argentina - Ushuaia,Tierra del Fuego (TF),America/Argentina/UshuaiaAmerica,Aruba,,America/ArubaAmerica,Asuncion,,America/AsuncionAmerica,Atikokan,"Eastern Standard Time - Atikokan, Ontario and Southampton I, Nunavut",America/AtikokanAmerica,Atka,,America/AtkaAmerica,Bahia,Bahia,America/BahiaAmerica,Bahia Banderas,Mexican Central Time - Bahia de Banderas,America/Bahia_BanderasAmerica,Barbados,,America/BarbadosAmerica,Belem,"Amapa, E Para",America/BelemAmerica,Belize,,America/BelizeAmerica,Blanc-Sablon,Atlantic Standard Time - Quebec - Lower North Shore,America/Blanc-SablonAmerica,Boa Vista,Roraima,America/Boa_VistaAmerica,Bogota,,America/BogotaAmerica,Boise,Mountain Time - south Idaho & east Oregon,America/BoiseAmerica,Buenos Aires,,America/Buenos_AiresAmerica,Cambridge Bay,Mountain Time - west Nunavut,America/Cambridge_BayAmerica,Campo Grande,Mato Grosso do Sul,America/Campo_GrandeAmerica,Cancun,Central Time - Quintana Roo,America/CancunAmerica,Caracas,,America/CaracasAmerica,Catamarca,,America/CatamarcaAmerica,Cayenne,,America/CayenneAmerica,Cayman,,America/CaymanAmerica,Chicago,Central Time,America/ChicagoAmerica,Chihuahua,Mexican Mountain Time - Chihuahua away from US border,America/ChihuahuaAmerica,Coral Harbour,,America/Coral_HarbourAmerica,Cordoba,,America/CordobaAmerica,Costa Rica,,America/Costa_RicaAmerica,Creston,"Mountain Standard Time - Creston, British Columbia",America/CrestonAmerica,Cuiaba,Mato Grosso,America/CuiabaAmerica,Curacao,,America/CuracaoAmerica,Danmarkshavn,"east coast, north of Scoresbysund",America/DanmarkshavnAmerica,Dawson,Pacific Time - north Yukon,America/DawsonAmerica,Dawson Creek,"Mountain Standard Time - Dawson Creek & Fort Saint John, British Columbia",America/Dawson_CreekAmerica,Denver,Mountain Time,America/DenverAmerica,Detroit,Eastern Time - Michigan - most locations,America/DetroitAmerica,Dominica,,America/DominicaAmerica,Edmonton,"Mountain Time - Alberta, east British Columbia & west Saskatchewan",America/EdmontonAmerica,Eirunepe,W Amazonas,America/EirunepeAmerica,El Salvador,,America/El_SalvadorAmerica,Ensenada,,America/EnsenadaAmerica,Fort Wayne,,America/Fort_WayneAmerica,Fortaleza,"NE Brazil (MA, PI, CE, RN, PB)",America/FortalezaAmerica,Glace Bay,Atlantic Time - Nova Scotia - places that did not observe DST 1966-1971,America/Glace_BayAmerica,Godthab,most locations,America/GodthabAmerica,Goose Bay,Atlantic Time - Labrador - most locations,America/Goose_BayAmerica,Grand Turk,,America/Grand_TurkAmerica,Grenada,,America/GrenadaAmerica,Guadeloupe,,America/GuadeloupeAmerica,Guatemala,,America/GuatemalaAmerica,Guayaquil,mainland,America/GuayaquilAmerica,Guyana,,America/GuyanaAmerica,Halifax,"Atlantic Time - Nova Scotia (most places), PEI",America/HalifaxAmerica,Havana,,America/HavanaAmerica,Hermosillo,Mountain Standard Time - Sonora,America/HermosilloAmerica,Indiana - Indianapolis,Eastern Time - Indiana - most locations,America/Indiana/IndianapolisAmerica,Indiana - Knox,Central Time - Indiana - Starke County,America/Indiana/KnoxAmerica,Indiana - Marengo,Eastern Time - Indiana - Crawford County,America/Indiana/MarengoAmerica,Indiana - Petersburg,Eastern Time - Indiana - Pike County,America/Indiana/PetersburgAmerica,Indiana - Tell City,Central Time - Indiana - Perry County,America/Indiana/Tell_CityAmerica,Indiana - Vevay,Eastern Time - Indiana - Switzerland County,America/Indiana/VevayAmerica,Indiana - Vincennes,"Eastern Time - Indiana - Daviess, Dubois, Knox & Martin Counties",America/Indiana/VincennesAmerica,Indiana - Winamac,Eastern Time - Indiana - Pulaski County,America/Indiana/WinamacAmerica,Indianapolis,,America/IndianapolisAmerica,Inuvik,Mountain Time - west Northwest Territories,America/InuvikAmerica,Iqaluit,Eastern Time - east Nunavut - most locations,America/IqaluitAmerica,Jamaica,,America/JamaicaAmerica,Jujuy,,America/JujuyAmerica,Juneau,Alaska Time - Alaska panhandle,America/JuneauAmerica,Kentucky - Louisville,Eastern Time - Kentucky - Louisville area,America/Kentucky/LouisvilleAmerica,Kentucky - Monticello,Eastern Time - Kentucky - Wayne County,America/Kentucky/MonticelloAmerica,Knox IN,,America/Knox_INAmerica,Kralendijk,,America/KralendijkAmerica,La Paz,,America/La_PazAmerica,Lima,,America/LimaAmerica,Los Angeles,Pacific Time,America/Los_AngelesAmerica,Louisville,,America/LouisvilleAmerica,Lower Princes,,America/Lower_PrincesAmerica,Maceio,"Alagoas, Sergipe",America/MaceioAmerica,Managua,,America/ManaguaAmerica,Manaus,E Amazonas,America/ManausAmerica,Marigot,,America/MarigotAmerica,Martinique,,America/MartiniqueAmerica,Matamoros,"US Central Time - Coahuila, Durango, Nuevo Le—n, Tamaulipas near US border",America/MatamorosAmerica,Mazatlan,"Mountain Time - S Baja, Nayarit, Sinaloa",America/MazatlanAmerica,Mendoza,,America/MendozaAmerica,Menominee,"Central Time - Michigan - Dickinson, Gogebic, Iron & Menominee Counties",America/MenomineeAmerica,Merida,"Central Time - Campeche, Yucat‡n",America/MeridaAmerica,Metlakatla,Metlakatla Time - Annette Island,America/MetlakatlaAmerica,Mexico City,Central Time - most locations,America/Mexico_CityAmerica,Miquelon,,America/MiquelonAmerica,Moncton,Atlantic Time - New Brunswick,America/MonctonAmerica,Monterrey,"Mexican Central Time - Coahuila, Durango, Nuevo Le—n, Tamaulipas away from US border",America/MonterreyAmerica,Montevideo,,America/MontevideoAmerica,Montreal,Eastern Time - Quebec - most locations,America/MontrealAmerica,Montserrat,,America/MontserratAmerica,Nassau,,America/NassauAmerica,New York,Eastern Time,America/New_YorkAmerica,Nipigon,Eastern Time - Ontario & Quebec - places that did not observe DST 1967-1973,America/NipigonAmerica,Nome,Alaska Time - west Alaska,America/NomeAmerica,Noronha,Atlantic islands,America/NoronhaAmerica,North Dakota - Beulah,Central Time - North Dakota - Mercer County,America/North_Dakota/BeulahAmerica,North Dakota - Center,Central Time - North Dakota - Oliver County,America/North_Dakota/CenterAmerica,North Dakota - New Salem,Central Time - North Dakota - Morton County (except Mandan area),America/North_Dakota/New_SalemAmerica,Ojinaga,US Mountain Time - Chihuahua near US border,America/OjinagaAmerica,Panama,,America/PanamaAmerica,Pangnirtung,"Eastern Time - Pangnirtung, Nunavut",America/PangnirtungAmerica,Paramaribo,,America/ParamariboAmerica,Phoenix,Mountain Standard Time - Arizona,America/PhoenixAmerica,Port of Spain,,America/Port_of_SpainAmerica,Port-au-Prince,,America/Port-au-PrinceAmerica,Porto Acre,,America/Porto_AcreAmerica,Porto Velho,Rondonia,America/Porto_VelhoAmerica,Puerto Rico,,America/Puerto_RicoAmerica,Rainy River,"Central Time - Rainy River & Fort Frances, Ontario",America/Rainy_RiverAmerica,Rankin Inlet,Central Time - central Nunavut,America/Rankin_InletAmerica,Recife,Pernambuco,America/RecifeAmerica,Regina,Central Standard Time - Saskatchewan - most locations,America/ReginaAmerica,Resolute,"Central Standard Time - Resolute, Nunavut",America/ResoluteAmerica,Rio Branco,Acre,America/Rio_BrancoAmerica,Rosario,,America/RosarioAmerica,Santa Isabel,Mexican Pacific Time - Baja California away from US border,America/Santa_IsabelAmerica,Santarem,W Para,America/SantaremAmerica,Santiago,most locations,America/SantiagoAmerica,Santo Domingo,,America/Santo_DomingoAmerica,Sao Paulo,"S & SE Brazil (GO, DF, MG, ES, RJ, SP, PR, SC, RS)",America/Sao_PauloAmerica,Scoresbysund,Scoresbysund / Ittoqqortoormiit,America/ScoresbysundAmerica,Shiprock,Mountain Time - Navajo,America/ShiprockAmerica,Sitka,Alaska Time - southeast Alaska panhandle,America/SitkaAmerica,St Barthelemy,,America/St_BarthelemyAmerica,St Johns,"Newfoundland Time, including SE Labrador",America/St_JohnsAmerica,St Kitts,,America/St_KittsAmerica,St Lucia,,America/St_LuciaAmerica,St Thomas,,America/St_ThomasAmerica,St Vincent,,America/St_VincentAmerica,Swift Current,Central Standard Time - Saskatchewan - midwest,America/Swift_CurrentAmerica,Tegucigalpa,,America/TegucigalpaAmerica,Thule,Thule / Pituffik,America/ThuleAmerica,Thunder Bay,"Eastern Time - Thunder Bay, Ontario",America/Thunder_BayAmerica,Tijuana,US Pacific Time - Baja California near US border,America/TijuanaAmerica,Toronto,Eastern Time - Ontario - most locations,America/TorontoAmerica,Tortola,,America/TortolaAmerica,Vancouver,Pacific Time - west British Columbia,America/VancouverAmerica,Virgin,,America/VirginAmerica,Whitehorse,Pacific Time - south Yukon,America/WhitehorseAmerica,Winnipeg,Central Time - Manitoba & west Ontario,America/WinnipegAmerica,Yakutat,Alaska Time - Alaska panhandle neck,America/YakutatAmerica,Yellowknife,Mountain Time - central Northwest Territories,America/YellowknifeAntarctica,Casey,"Casey Station, Bailey Peninsula",Antarctica/CaseyAntarctica,Davis,"Davis Station, Vestfold Hills",Antarctica/DavisAntarctica,DumontDUrville,"Dumont-d'Urville Station, Terre Adelie",Antarctica/DumontDUrvilleAntarctica,Macquarie,"Macquarie Island Station, Macquarie Island",Antarctica/MacquarieAntarctica,Mawson,"Mawson Station, Holme Bay",Antarctica/MawsonAntarctica,McMurdo,"McMurdo Station, Ross Island",Antarctica/McMurdoAntarctica,Palmer,"Palmer Station, Anvers Island",Antarctica/PalmerAntarctica,Rothera,"Rothera Station, Adelaide Island",Antarctica/RotheraAntarctica,South Pole,"Amundsen-Scott Station, South Pole",Antarctica/South_PoleAntarctica,Syowa,"Syowa Station, E Ongul I",Antarctica/SyowaAntarctica,Vostok,"Vostok Station, Lake Vostok",Antarctica/VostokAsia,Aden,,Asia/AdenAsia,Almaty,most locations,Asia/AlmatyAsia,Amman,,Asia/AmmanAsia,Anadyr,Moscow+08 - Bering Sea,Asia/AnadyrAsia,Aqtau,"Atyrau (Atirau, Gur'yev), Mangghystau (Mankistau)",Asia/AqtauAsia,Aqtobe,Aqtobe (Aktobe),Asia/AqtobeAsia,Ashgabat,,Asia/AshgabatAsia,Ashkhabad,,Asia/AshkhabadAsia,Baghdad,,Asia/BaghdadAsia,Bahrain,,Asia/BahrainAsia,Baku,,Asia/BakuAsia,Bangkok,,Asia/BangkokAsia,Beirut,,Asia/BeirutAsia,Bishkek,,Asia/BishkekAsia,Brunei,,Asia/BruneiAsia,Calcutta,,Asia/CalcuttaAsia,Choibalsan,"Dornod, Sukhbaatar",Asia/ChoibalsanAsia,Chongqing,"central China - Sichuan, Yunnan, Guangxi, Shaanxi, Guizhou, etc.",Asia/ChongqingAsia,Chungking,,Asia/ChungkingAsia,Colombo,,Asia/ColomboAsia,Dacca,,Asia/DaccaAsia,Damascus,,Asia/DamascusAsia,Dhaka,,Asia/DhakaAsia,Dili,,Asia/DiliAsia,Dubai,,Asia/DubaiAsia,Dushanbe,,Asia/DushanbeAsia,Gaza,Gaza Strip,Asia/GazaAsia,Harbin,"Heilongjiang (except Mohe), Jilin",Asia/HarbinAsia,Hebron,West Bank,Asia/HebronAsia,Ho Chi Minh,,Asia/Ho_Chi_MinhAsia,Hong Kong,,Asia/Hong_KongAsia,Hovd,"Bayan-Olgiy, Govi-Altai, Hovd, Uvs, Zavkhan",Asia/HovdAsia,Irkutsk,Moscow+05 - Lake Baikal,Asia/IrkutskAsia,Istanbul,,Asia/IstanbulAsia,Jakarta,Java & Sumatra,Asia/JakartaAsia,Jayapura,west New Guinea (Irian Jaya) & Malukus (Moluccas),Asia/JayapuraAsia,Jerusalem,,Asia/JerusalemAsia,Kabul,,Asia/KabulAsia,Kamchatka,Moscow+08 - Kamchatka,Asia/KamchatkaAsia,Karachi,,Asia/KarachiAsia,Kashgar,west Tibet & Xinjiang,Asia/KashgarAsia,Kathmandu,,Asia/KathmanduAsia,Katmandu,,Asia/KatmanduAsia,Kolkata,,Asia/KolkataAsia,Krasnoyarsk,Moscow+04 - Yenisei River,Asia/KrasnoyarskAsia,Kuala Lumpur,peninsular Malaysia,Asia/Kuala_LumpurAsia,Kuching,Sabah & Sarawak,Asia/KuchingAsia,Kuwait,,Asia/KuwaitAsia,Macao,,Asia/MacaoAsia,Macau,,Asia/MacauAsia,Magadan,Moscow+08 - Magadan,Asia/MagadanAsia,Makassar,"east & south Borneo, Sulawesi (Celebes), Bali, Nusa Tenggara, west Timor",Asia/MakassarAsia,Manila,,Asia/ManilaAsia,Muscat,,Asia/MuscatAsia,Nicosia,,Asia/NicosiaAsia,Novokuznetsk,Moscow+03 - Novokuznetsk,Asia/NovokuznetskAsia,Novosibirsk,Moscow+03 - Novosibirsk,Asia/NovosibirskAsia,Omsk,Moscow+03 - west Siberia,Asia/OmskAsia,Oral,West Kazakhstan,Asia/OralAsia,Phnom Penh,,Asia/Phnom_PenhAsia,Pontianak,west & central Borneo,Asia/PontianakAsia,Pyongyang,,Asia/PyongyangAsia,Qatar,,Asia/QatarAsia,Qyzylorda,"Qyzylorda (Kyzylorda, Kzyl-Orda)",Asia/QyzylordaAsia,Rangoon,,Asia/RangoonAsia,Riyadh,,Asia/RiyadhAsia,Saigon,,Asia/SaigonAsia,Sakhalin,Moscow+07 - Sakhalin Island,Asia/SakhalinAsia,Samarkand,west Uzbekistan,Asia/SamarkandAsia,Seoul,,Asia/SeoulAsia,Shanghai,"east China - Beijing, Guangdong, Shanghai, etc.",Asia/ShanghaiAsia,Singapore,,Asia/SingaporeAsia,Taipei,,Asia/TaipeiAsia,Tashkent,east Uzbekistan,Asia/TashkentAsia,Tbilisi,,Asia/TbilisiAsia,Tehran,,Asia/TehranAsia,Tel Aviv,,Asia/Tel_AvivAsia,Thimbu,,Asia/ThimbuAsia,Thimphu,,Asia/ThimphuAsia,Tokyo,,Asia/TokyoAsia,Ujung Pandang,,Asia/Ujung_PandangAsia,Ulaanbaatar,most locations,Asia/UlaanbaatarAsia,Ulan Bator,,Asia/Ulan_BatorAsia,Urumqi,most of Tibet & Xinjiang,Asia/UrumqiAsia,Vientiane,,Asia/VientianeAsia,Vladivostok,Moscow+07 - Amur River,Asia/VladivostokAsia,Yakutsk,Moscow+06 - Lena River,Asia/YakutskAsia,Yekaterinburg,Moscow+02 - Urals,Asia/YekaterinburgAsia,Yerevan,,Asia/YerevanAtlantic,Azores,Azores,Atlantic/AzoresAtlantic,Bermuda,,Atlantic/BermudaAtlantic,Canary,Canary Islands,Atlantic/CanaryAtlantic,Cape Verde,,Atlantic/Cape_VerdeAtlantic,Faeroe,,Atlantic/FaeroeAtlantic,Faroe,,Atlantic/FaroeAtlantic,Jan Mayen,,Atlantic/Jan_MayenAtlantic,Madeira,Madeira Islands,Atlantic/MadeiraAtlantic,Reykjavik,,Atlantic/ReykjavikAtlantic,South Georgia,,Atlantic/South_GeorgiaAtlantic,St Helena,,Atlantic/St_HelenaAtlantic,Stanley,,Atlantic/StanleyAustralia,ACT,,Australia/ACTAustralia,Adelaide,South Australia,Australia/AdelaideAustralia,Brisbane,Queensland - most locations,Australia/BrisbaneAustralia,Broken Hill,New South Wales - Yancowinna,Australia/Broken_HillAustralia,Canberra,,Australia/CanberraAustralia,Currie,Tasmania - King Island,Australia/CurrieAustralia,Darwin,Northern Territory,Australia/DarwinAustralia,Eucla,Western Australia - Eucla area,Australia/EuclaAustralia,Hobart,Tasmania - most locations,Australia/HobartAustralia,LHI,,Australia/LHIAustralia,Lindeman,Queensland - Holiday Islands,Australia/LindemanAustralia,Lord Howe,Lord Howe Island,Australia/Lord_HoweAustralia,Melbourne,Victoria,Australia/MelbourneAustralia,North,,Australia/NorthAustralia,NSW,,Australia/NSWAustralia,Perth,Western Australia - most locations,Australia/PerthAustralia,Queensland,,Australia/QueenslandAustralia,South,,Australia/SouthAustralia,Sydney,New South Wales - most locations,Australia/SydneyAustralia,Tasmania,,Australia/TasmaniaAustralia,Victoria,,Australia/VictoriaAustralia,West,,Australia/WestAustralia,Yancowinna,,Australia/YancowinnaCanada,Atlantic,,Canada/AtlanticCanada,Central,,Canada/CentralCanada,Eastern,,Canada/EasternCanada,East-Saskatchewan,,Canada/East-SaskatchewanCanada,Mountain,,Canada/MountainCanada,Newfoundland,,Canada/NewfoundlandCanada,Pacific,,Canada/PacificCanada,Saskatchewan,,Canada/SaskatchewanCanada,Yukon,,Canada/YukonEtc.,GMT,,Etc./GMTEtc.,GMT+0,,Etc./GMT+0Etc.,UCT,,Etc./UCTEtc.,Universal,,Etc./UniversalEtc.,UTC,,Etc./UTCEtc.,Zulu,,Etc./ZuluEurope,Amsterdam,,Europe/AmsterdamEurope,Andorra,,Europe/AndorraEurope,Athens,,Europe/AthensEurope,Belfast,,Europe/BelfastEurope,Belgrade,,Europe/BelgradeEurope,Berlin,,Europe/BerlinEurope,Bratislava,,Europe/BratislavaEurope,Brussels,,Europe/BrusselsEurope,Bucharest,,Europe/BucharestEurope,Budapest,,Europe/BudapestEurope,Chisinau,,Europe/ChisinauEurope,Copenhagen,,Europe/CopenhagenEurope,Dublin,,Europe/DublinEurope,Gibraltar,,Europe/GibraltarEurope,Guernsey,,Europe/GuernseyEurope,Helsinki,,Europe/HelsinkiEurope,Isle of Man,,Europe/Isle_of_ManEurope,Istanbul,,Europe/IstanbulEurope,Jersey,,Europe/JerseyEurope,Kaliningrad,Moscow-01 - Kaliningrad,Europe/KaliningradEurope,Kiev,most locations,Europe/KievEurope,Lisbon,mainland,Europe/LisbonEurope,Ljubljana,,Europe/LjubljanaEurope,London,,Europe/LondonEurope,Luxembourg,,Europe/LuxembourgEurope,Madrid,mainland,Europe/MadridEurope,Malta,,Europe/MaltaEurope,Mariehamn,,Europe/MariehamnEurope,Minsk,,Europe/MinskEurope,Monaco,,Europe/MonacoEurope,Moscow,Moscow+00 - west Russia,Europe/MoscowEurope,Nicosia,,Europe/NicosiaEurope,Oslo,,Europe/OsloEurope,Paris,,Europe/ParisEurope,Podgorica,,Europe/PodgoricaEurope,Prague,,Europe/PragueEurope,Riga,,Europe/RigaEurope,Rome,,Europe/RomeEurope,Samara,"Moscow+00 - Samara, Udmurtia",Europe/SamaraEurope,San Marino,,Europe/San_MarinoEurope,Sarajevo,,Europe/SarajevoEurope,Simferopol,central Crimea,Europe/SimferopolEurope,Skopje,,Europe/SkopjeEurope,Sofia,,Europe/SofiaEurope,Stockholm,,Europe/StockholmEurope,Tallinn,,Europe/TallinnEurope,Tirane,,Europe/TiraneEurope,Tiraspol,,Europe/TiraspolEurope,Uzhgorod,Ruthenia,Europe/UzhgorodEurope,Vaduz,,Europe/VaduzEurope,Vatican,,Europe/VaticanEurope,Vienna,,Europe/ViennaEurope,Vilnius,,Europe/VilniusEurope,Volgograd,Moscow+00 - Caspian Sea,Europe/VolgogradEurope,Warsaw,,Europe/WarsawEurope,Zagreb,,Europe/ZagrebEurope,Zaporozhye,"Zaporozh'ye, E Lugansk / Zaporizhia, E Luhansk",Europe/ZaporozhyeEurope,Zurich,,Europe/ZurichIndian Subcontinent,Antananarivo,,Indian/AntananarivoIndian Subcontinent,Chagos,,Indian/ChagosIndian Subcontinent,Christmas,,Indian/ChristmasIndian Subcontinent,Cocos,,Indian/CocosIndian Subcontinent,Comoro,,Indian/ComoroIndian Subcontinent,Kerguelen,,Indian/KerguelenIndian Subcontinent,Mahe,,Indian/MaheIndian Subcontinent,Maldives,,Indian/MaldivesIndian Subcontinent,Mauritius,,Indian/MauritiusIndian Subcontinent,Mayotte,,Indian/MayotteIndian Subcontinent,Reunion,,Indian/ReunionPacific,Apia,,Pacific/ApiaPacific,Auckland,most locations,Pacific/AucklandPacific,Chatham,Chatham Islands,Pacific/ChathamPacific,Chuuk,Chuuk (Truk) and Yap,Pacific/ChuukPacific,Easter,Easter Island & Sala y Gomez,Pacific/EasterPacific,Efate,,Pacific/EfatePacific,Enderbury,Phoenix Islands,Pacific/EnderburyPacific,Fakaofo,,Pacific/FakaofoPacific,Fiji,,Pacific/FijiPacific,Funafuti,,Pacific/FunafutiPacific,Galapagos,Galapagos Islands,Pacific/GalapagosPacific,Gambier,Gambier Islands,Pacific/GambierPacific,Guadalcanal,,Pacific/GuadalcanalPacific,Guam,,Pacific/GuamPacific,Honolulu,Hawaii,Pacific/HonoluluPacific,Johnston,Johnston Atoll,Pacific/JohnstonPacific,Kiritimati,Line Islands,Pacific/KiritimatiPacific,Kosrae,Kosrae,Pacific/KosraePacific,Kwajalein,Kwajalein,Pacific/KwajaleinPacific,Majuro,most locations,Pacific/MajuroPacific,Marquesas,Marquesas Islands,Pacific/MarquesasPacific,Midway,Midway Islands,Pacific/MidwayPacific,Nauru,,Pacific/NauruPacific,Niue,,Pacific/NiuePacific,Norfolk,,Pacific/NorfolkPacific,Noumea,,Pacific/NoumeaPacific,Pago Pago,,Pacific/Pago_PagoPacific,Palau,,Pacific/PalauPacific,Pitcairn,,Pacific/PitcairnPacific,Pohnpei,Pohnpei (Ponape),Pacific/PohnpeiPacific,Ponape,,Pacific/PonapePacific,Port Moresby,,Pacific/Port_MoresbyPacific,Rarotonga,,Pacific/RarotongaPacific,Saipan,,Pacific/SaipanPacific,Samoa,,Pacific/SamoaPacific,Tahiti,Society Islands,Pacific/TahitiPacific,Tarawa,Gilbert Islands,Pacific/TarawaPacific,Tongatapu,,Pacific/TongatapuPacific,Truk,,Pacific/TrukPacific,Wake,Wake Island,Pacific/WakePacific,Wallis,,Pacific/WallisPacific,Yap,,Pacific/YapEtc.,US - Alaska,,US/AlaskaEtc.,US - Aleutian,,US/AleutianEtc.,US - Arizona,,US/ArizonaEtc.,US - Central,,US/CentralEtc.,US - Eastern,,US/EasternEtc.,US - East-Indiana,,US/East-IndianaEtc.,US - Hawaii,,US/HawaiiEtc.,US - Indiana-Starke,,US/Indiana-StarkeEtc.,US - Michigan,,US/MichiganEtc.,US - Mountain,,US/MountainEtc.,US - Pacific,,US/PacificEtc.,US - Pacific-New,,US/Pacific-NewEtc.,US - Samoa,,US/SamoaEtc.,UTC,,UTC